<LaunchLocations>
	<LaunchLocation name="LC-3" userCreated="false" version="2"  planetName="Earth" selected="true" launchCostPerKG="0" maxCraftDiameter="5" maxCraftHeight="20" maxCraftMass="2e4" freeRecoveryRadius="50" waterRecoveryBonus="0" latitude="28.499894557713329" longitude="-80.607277562950955" agl="0.37421870417892933" heading="-142" type="SurfaceLockedGround" image="LaunchLocations/lc3.png" description="Launch Pad 3 was one of the original pads at Cape Canaveral.  After hosting the bumper missions, it was mostly used for the testing of winged missles."/>
    <LaunchLocation name="LC-4" userCreated="false" version="2"  planetName="Earth" launchCostPerKG="0" maxCraftDiameter="5" maxCraftHeight="20" maxCraftMass="2e4" freeRecoveryRadius="50" waterRecoveryBonus="0" latitude="28.500196918713151" longitude="-80.607074415038227" agl="0.34674598556011915" heading="-142" type="SurfaceLockedGround" image="LaunchLocations/lc3.png" description="Launch Pad 4 was one of the original pads at Cape Canaveral.  It was mostly used for the testing of winged missles." />
    <LaunchLocation name="LC-4A" userCreated="false" version="2"  planetName="Earth" launchCostPerKG="0" maxCraftDiameter="5" maxCraftHeight="20" maxCraftMass="2e4" freeRecoveryRadius="50" waterRecoveryBonus="0" latitude="28.499891658002586" longitude="-80.6065632186696" agl="0.4265126734972" heading="-142" type="SurfaceLockedGround" image="LaunchLocations/lc3.png" description="Launch Pad 4A added to Launch Complex 3/4 to increase capacity."/>
    <LaunchLocation name="LC-5" userCreated="false" version="2" planetName="Earth" launchCostPerKG="0" maxCraftDiameter="10" maxCraftHeight="30" maxCraftMass="4e4" freeRecoveryRadius="50" waterRecoveryBonus="0" latitude="28.485350922677458" longitude="-80.6273663726431" agl="0.95271371956914663" heading="24" type="SurfaceLockedGround" image="LaunchLocations/lc5.png" description="Launch Complex 5/6 was built for the Army's short- and medium-range missle tests. Launch Pad 5 launched the first Americans into space on Mercury-Redstone rockets."/>
    <LaunchLocation name="LC-6" userCreated="false" version="2" planetName="Earth" launchCostPerKG="0" maxCraftDiameter="10" maxCraftHeight="30" maxCraftMass="4e4" freeRecoveryRadius="50" waterRecoveryBonus="0" latitude="28.486033607253656" longitude="-80.627002269969978" agl="0.76135097350925207" heading="24" type="SurfaceLockedGround" image="LaunchLocations/lc5.png" description="Launch Complex 5/6 was built for the Army's short- and medium-range missle tests."/>
    <LaunchLocation name="LC-14" userCreated="false" version="2" planetName="Earth" launchCostPerKG="0" maxCraftDiameter="12" maxCraftHeight="50" maxCraftMass="2e5" freeRecoveryRadius="50" waterRecoveryBonus="0" latitude="28.513378462818469" longitude="-80.613191337679666" agl="4.3703242307528853" heading="185" type="SurfaceLockedGround" image="LaunchLocations/lc14.png" description="Launch Complex 14 was built for intercontinental ballistic missiles, specificaly Atlas.  LC-14 was used by NASA to launch the first American into orbit."/>
    <LaunchLocation name="LC-15" userCreated="false" version="2" planetName="Earth" launchCostPerKG="0" maxCraftDiameter="12" maxCraftHeight="50" maxCraftMass="2e5" freeRecoveryRadius="10" waterRecoveryBonus="0" latitude="28.516220515409394" longitude="-80.614369949466024" agl="4.1147820316255093" heading="184.99955749511719" type="SurfaceLockedGround" image="LaunchLocations/lc15.png" description="Launch Complex 15 was built for intercontinental ballistic missiles, specificaly Titan."/>
    <LaunchLocation name="LC-16" userCreated="false" version="2" planetName="Earth" launchCostPerKG="0" maxCraftDiameter="12" maxCraftHeight="50" maxCraftMass="2e5" freeRecoveryRadius="50" waterRecoveryBonus="0" latitude="28.518940903002481" longitude="-80.615776821827907" agl="-0.64642248302698135" heading="176" type="SurfaceLockedGround" image="LaunchLocations/lc15.png" description="Launch Complex 16 was built for intercontinental ballistic missiles, specificaly Titan."/>
    <LaunchLocation name="LC-19" userCreated="false" version="2" planetName="Earth" launchCostPerKG="0" maxCraftDiameter="12" maxCraftHeight="50" maxCraftMass="2e5" freeRecoveryRadius="50" waterRecoveryBonus="0" latitude="28.521804662099626" longitude="-80.617043215756254" agl="3.3607323616743088" heading="175.99998474121094" type="SurfaceLockedGround" image="LaunchLocations/lc15.png" description="Launch Complex 19 was built for intercontinental ballistic missiles, specificaly Titan.  NASA used it to launch the Gemini missions on Titan II rockets."/>
    <LaunchLocation name="LC-34" userCreated="false" version="2" planetName="Earth" launchCostPerKG="0" maxCraftDiameter="20" maxCraftHeight="70" maxCraftMass="15e5" freeRecoveryRadius="50" waterRecoveryBonus="0" latitude="28.529932" longitude="-80.620799" agl="0.93074828386306763" heading="0" type="SurfaceLockedGround" image="LaunchLocations/lc34.png" description="Launch Complex 34 was built to support the Saturn I rocket and crewed flights of the Apollo program.  Gus Grisssom, Ed White, and Roger Chaffee lost their lives on this pad in the Apollo 1 fire."/>
    <LaunchLocation name="LC-37A" userCreated="false" version="2" planetName="Earth" launchCostPerKG="0" maxCraftDiameter="20" maxCraftHeight="70" maxCraftMass="15e5" freeRecoveryRadius="50" waterRecoveryBonus="0" latitude="28.536408863786427" longitude="-80.624736607516738" agl="1.0651843501254916" heading="-58" type="SurfaceLockedGround" image="LaunchLocations/lc37.png" description="Launch Complex 37 was built to support the Saturn I rocket and crewed flights of the Apollo program. Launch Pad 37A was never finished."/>
    <LaunchLocation name="LC-37B" userCreated="false" version="2" planetName="Earth" launchCostPerKG="0" maxCraftDiameter="20" maxCraftHeight="70" maxCraftMass="15e5" freeRecoveryRadius="50" waterRecoveryBonus="0" latitude="28.535132945501989" longitude="-80.622434142754088" agl="1.064356449060142" heading="-58" type="SurfaceLockedGround" image="LaunchLocations/lc37.png" description="Launch Complex 37 was built to support the Saturn I rocket and crewed flights of the Apollo program."/>
    <LaunchLocation name="LC-39A" userCreated="false" version="2" launchCostPerKG="0" maxCraftDiameter="10" maxCraftHeight="150" maxCraftMass="5e6" freeRecoveryRadius="50" waterRecoveryBonus="0" planetName="Earth" latitude="28.57726848" longitude="-80.64402122293518" agl="8.624944195151329" heading="0" type="SurfaceLockedGround" image="LaunchLocations/lc39.png" description="Launch Complex 39 was built to support the enormous Saturn V rocket that sent people to the moon."/>
    <LaunchLocation name="LC-39B" userCreated="false" version="2" launchCostPerKG="0" maxCraftDiameter="10" maxCraftHeight="150" maxCraftMass="5e6" freeRecoveryRadius="50" waterRecoveryBonus="0" planetName="Earth" latitude="28.58735074" longitude="-80.653125083598439" agl="8.6744678262621164" heading="0" type="SurfaceLockedGround" image="LaunchLocations/lc39.png" description="Launch Complex 39 was built to support the enormous Saturn V rocket that sent people to the moon."/>
    <LaunchLocation name="SLC-41" userCreated="false" version="2" launchCostPerKG="0" maxCraftDiameter="20" maxCraftHeight="70" maxCraftMass="7e5" freeRecoveryRadius="50" waterRecoveryBonus="0" planetName="Earth" latitude="28.56331544" longitude="-80.63256112" agl="2.4573516668751836" heading="280" type="SurfaceLockedGround" image="LaunchLocations/lc41.png" description="Launch Complex 41 was built to support the Titan III rocket."/>
     <LaunchLocation name="Skid-Strip" userCreated="false" version="2" planetName="Earth" launchCostPerKG="0" maxCraftDiameter="30" maxCraftHeight="10" maxCraftMass="2e4" freeRecoveryRadius="2000" waterRecoveryBonus="0" latitude="28.504952110469343" longitude="-80.630119363753735" agl="0.84357472788542509" heading="-53" type="SurfaceLockedGround" description="The skid strip is a military runway, sometimes used by planes delivering rocket parts to the Cape."/>
    <LaunchLocation name="KSC Runway" userCreated="false" version="2" launchCostPerKG="0" maxCraftDiameter="120" maxCraftHeight="20" maxCraftMass="600" freeRecoveryRadius="10000" waterRecoveryBonus="0" planetName="Earth" latitude="28.57010326368091" longitude="-80.686234832762011" agl="1.3791504492983222" heading="150" type="SurfaceLockedGround" description="The Space Shuttle Landing facility is one of the longest runways in the world.  It was constructed for landings of the Space Shuttle."/>
    <LaunchLocation name="VANDENBERG SPACE FORCE BASE" userCreated="false" version="2"  launchCostPerKG="0" maxCraftDiameter="0" maxCraftHeight="0" maxCraftMass="0" freeRecoveryRadius="0" waterRecoveryBonus="1" planetName="Earth" latitude="34.739418949071755" longitude="-120.58418916473063" agl="2.5390607351437211" heading="0" type="SurfaceLockedGround" />
</LaunchLocations>
  
