<SpaceCenterLocations> 
	<LaunchLocation name="SC-3" pads="LC-3;LC-4;LC-4A" userCreated="false" version="2" planetName="Earth" launchCostPerKG="0" maxCraftDiameter="0" maxCraftHeight="0" maxCraftMass="0" freeRecoveryRadius="0" waterRecoveryBonus="0" latitude="28.500403691125033" longitude="-80.607733425079715" agl="2.5464530875906348" heading="0" type="SurfaceLockedGround" />
    <LaunchLocation name="SC-5" pads="LC-5;LC-6" userCreated="false" version="2" planetName="Earth" launchCostPerKG="0" maxCraftDiameter="0" maxCraftHeight="0" maxCraftMass="0" freeRecoveryRadius="0" waterRecoveryBonus="0" latitude="28.485847042969048" longitude="-80.627571646192507" agl="2.154403449036181" heading="0" type="SurfaceLockedGround" />
	<LaunchLocation name="SC-14" pads="LC-14" userCreated="false" version="2" planetName="Earth" launchCostPerKG="0" maxCraftDiameter="0" maxCraftHeight="0" maxCraftMass="0" freeRecoveryRadius="0" waterRecoveryBonus="0" latitude="28.513501776576227" longitude="-80.614516608248223" agl="0" heading="0" type="SurfaceLockedGround" />
    <LaunchLocation name="SC-15" pads="LC-15" userCreated="false" version="2" planetName="Earth" launchCostPerKG="0" maxCraftDiameter="0" maxCraftHeight="0" maxCraftMass="0" freeRecoveryRadius="0" waterRecoveryBonus="0" latitude="28.516244956105609" longitude="-80.615465919082439" agl="0" heading="0" type="SurfaceLockedGround" />
    <LaunchLocation name="SC-16" pads="LC-16" userCreated="false" version="2" planetName="Earth" launchCostPerKG="0" maxCraftDiameter="0" maxCraftHeight="0" maxCraftMass="0" freeRecoveryRadius="0" waterRecoveryBonus="0" latitude="28.519025495580244" longitude="-80.617207836858569" agl="0" heading="0" type="SurfaceLockedGround" />
    <LaunchLocation name="SC-19" pads="LC-19" userCreated="false" version="2" planetName="Earth" launchCostPerKG="0" maxCraftDiameter="0" maxCraftHeight="0" maxCraftMass="0" freeRecoveryRadius="0" waterRecoveryBonus="0" latitude="28.521675460452883" longitude="-80.61794561959907" agl="0" heading="0" type="SurfaceLockedGround" />
    <LaunchLocation name="SC-34" pads="LC-34" userCreated="false" version="2" planetName="Earth" launchCostPerKG="0" maxCraftDiameter="0" maxCraftHeight="0" maxCraftMass="0" freeRecoveryRadius="0" waterRecoveryBonus="0" latitude="28.5279047215996" longitude="-80.62178025932073" agl="0" heading="0" type="SurfaceLockedGround" />
    <LaunchLocation name="SC-37" pads="LC-37A;LC-37B" userCreated="false" version="2" planetName="Earth" launchCostPerKG="0" maxCraftDiameter="0" maxCraftHeight="0" maxCraftMass="0" freeRecoveryRadius="0" waterRecoveryBonus="0" latitude="28.534405534884169" longitude="-80.62468904869435" agl="0" heading="0" type="SurfaceLockedGround" />
    <LaunchLocation name="SC-41" pads="SLC-41" userCreated="false" version="2" planetName="Earth" launchCostPerKG="0" maxCraftDiameter="0" maxCraftHeight="0" maxCraftMass="0" freeRecoveryRadius="0" waterRecoveryBonus="0" latitude="28.560637472455316" longitude="-80.632820581354565" agl="55.6508678663522" heading="0" type="SurfaceLockedGround" />
    <LaunchLocation name="SC-39" pads="LC-39A;LC-39B;LC-39C" userCreated="false" version="2" planetName="Earth" launchCostPerKG="0" maxCraftDiameter="0" maxCraftHeight="0" maxCraftMass="0" freeRecoveryRadius="0" waterRecoveryBonus="0" latitude="28.564733982857028" longitude="-80.6695090484441" agl="112.92379773687571" heading="0" type="SurfaceLockedGround" />
</SpaceCenterLocations>
