﻿<?xml version="1.0" encoding="utf-8"?>
<Craft name="New" parent="" initialBoundsMin="-0.1600001,-0.8930001,-0.16" initialBoundsMax="0.1600001,0.8870001,0.16" removeInvalidParts="true" price="1578" xmlVersion="15" activeCommandPod="1" localCenterOfMass="0,0,0">
  <Assembly>
    <Parts>
      <Part id="1" partType="Eva" position="0,0,0" rotation="0,0,0" name="Astronaut" rootPart="true" commandPodId="1" materials="15,16,17,18,19">
        <Drag drag="0.5340458,0.5732728,0.1304385,0.1344068,0.3628395,0.3603776" area="0.7372307,0.7371725,0.212665,0.2124904,0.4979314,0.4979314" />
        <Config heatShieldScale="0" />
        <CommandPod activationGroupNames=",,,,,,,Landing Gear,Solar Panels,RCS" activationGroupStates="false,false,false,false,false,false,false,true,false,true" pidPitch="10,0,0" pidRoll="0.6,0,0" stageCalculationVersion="2">
          <Controls />
        </CommandPod>
        <Eva crewId="2" crewName="Sally R." />
        <Payload payloadId="Astronaut" />
        <CameraVantage nightVisionColor="#80FF8080" />
        <FuelTank />
      </Part>
    </Parts>
    <Connections />
    <Collisions />
    <Bodies>
      <Body id="1" partIds="1" mass="1.16126" position="0,0,0" rotation="0,0,0" centerOfMass="0,0,0" />
    </Bodies>
  </Assembly>
  <DesignerSettings themeName="Custom">
    <Theme name="Custom" id="25a9195c-c404-4c77-9ea1-eef798ccc505">
      <Material name="Base Color" color="FFFFFF" m="0.3" s="0" />
      <Material name="Detail Color" color="178BFF" m="0" s="0.3" />
      <Material name="Light Metal" color="CBCDCE" m="0.85" s="0.8" />
      <Material name="Heavy Metal" color="76736F" m="0.85" s="0.5" />
      <Material name="Ablative" color="000000" m="0.85" s="0" d="0.5" />
      <Material name="Accent Color 1" color="FFFFFF" m="0.1" s="0.08" />
      <Material name="Accent Color 2" color="FFFFFF" m="0.1" s="0.08" />
      <Material name="Accent Color 3" color="FFFFFF" m="0.1" s="0.08" />
      <Material name="Accent Color 4" color="FFFFFF" m="0.1" s="0.08" />
      <Material name="Accent Color 5" color="FFFFFF" m="0.1" s="0.08" />
      <Material name="Gauge Color 1" color="000000" m="0.85" s="0" />
      <Material name="Gauge Color 2" color="FF8000" m="0" s="0.5" e="1" />
      <Material name="Gauge Color 3" color="FFFFFF" m="0" s="0" e="1" />
      <Material name="Gauge Color 4" color="FF0000" m="0" s="0" e="1" />
      <Material name="Gauge Color 5" color="68D100" m="0" s="0" e="1" />
      <Material name="Fabric Base" color="FFFFFF" m="0" s="0" d="0.2" />
      <Material name="Fabric Detail" color="178BFF" m="0" s="0" d="0.1" />
      <Material name="Brushed Light Metal" color="CBCDCE" m="0.85" s="0.3" d="0.5" />
      <Material name="Brushed Heavy Metal" color="76736F" m="0.85" s="0.3" d="0.5" />
      <Material name="Sun Insulation" color="574204" m="0.95" s="0.95" d="0.2" />
      <Material name="Solar Cells" color="000046" m="0.85" s="0.5" d="0.1" />
      <Material name="Light" color="FFEEB9" m="0" s="1" />
      <Material name="Display" color="FFFFFF" m="0.1" s="0.08" />
      <Material name="Glass Exterior" color="FFFFFF" m="1" s="1" t="0.8" />
      <Material name="Glass Interior" color="808080" m="1" s="0" t="0.9" />
    </Theme>
  </DesignerSettings>
  <Themes>
    <Theme name="Custom" id="25a9195c-c404-4c77-9ea1-eef798ccc505">
      <Material name="Base Color" color="FFFFFF" m="0.3" s="0" />
      <Material name="Detail Color" color="178BFF" m="0" s="0.3" />
      <Material name="Light Metal" color="CBCDCE" m="0.85" s="0.8" />
      <Material name="Heavy Metal" color="76736F" m="0.85" s="0.5" />
      <Material name="Ablative" color="000000" m="0.85" s="0" d="0.5" />
      <Material name="Accent Color 1" color="FFFFFF" m="0.1" s="0.08" />
      <Material name="Accent Color 2" color="FFFFFF" m="0.1" s="0.08" />
      <Material name="Accent Color 3" color="FFFFFF" m="0.1" s="0.08" />
      <Material name="Accent Color 4" color="FFFFFF" m="0.1" s="0.08" />
      <Material name="Accent Color 5" color="FFFFFF" m="0.1" s="0.08" />
      <Material name="Gauge Color 1" color="000000" m="0.85" s="0" />
      <Material name="Gauge Color 2" color="FF8000" m="0" s="0.5" e="1" />
      <Material name="Gauge Color 3" color="FFFFFF" m="0" s="0" e="1" />
      <Material name="Gauge Color 4" color="FF0000" m="0" s="0" e="1" />
      <Material name="Gauge Color 5" color="68D100" m="0" s="0" e="1" />
      <Material name="Fabric Base" color="FFFFFF" m="0" s="0" d="0.2" />
      <Material name="Fabric Detail" color="178BFF" m="0" s="0" d="0.1" />
      <Material name="Brushed Light Metal" color="CBCDCE" m="0.85" s="0.3" d="0.5" />
      <Material name="Brushed Heavy Metal" color="76736F" m="0.85" s="0.3" d="0.5" />
      <Material name="Sun Insulation" color="574204" m="0.95" s="0.95" d="0.2" />
      <Material name="Solar Cells" color="000046" m="0.85" s="0.5" d="0.1" />
      <Material name="Light" color="FFEEB9" m="0" s="1" />
      <Material name="Display" color="FFFFFF" m="0.1" s="0.08" />
      <Material name="Glass Exterior" color="FFFFFF" m="1" s="1" t="0.8" />
      <Material name="Glass Interior" color="808080" m="1" s="0" t="0.9" />
    </Theme>
  </Themes>
  <Symmetry />
</Craft>
