﻿<?xml version="1.0" encoding="utf-8"?>
<DesignerParts>
  <DesignerPart name="Astronaut" category="Sub Assemblies" description="" order="0" showInDesigner="true">
    <Assembly xmlVersion="15">
      <Parts>
        <Part id="20" partType="Eva" position="0,0,0" rotation="0,0,0" name="Astronaut" commandPodId="20" materials="15,16,17,18,19">
          <Drag drag="0,0,0,0,0,0" area="0,0,0,0,0,0" />
          <Config heatShieldScale="0" />
          <CommandPod activationGroupNames=",,,,,,,Landing Gear,Solar Panels,RCS" activationGroupStates="false,false,false,false,false,false,false,true,false,true" pidPitch="10,0,0" pidRoll="0.6,0,0" stageCalculationVersion="2">
            <Controls />
          </CommandPod>
          <Eva crewId="2" crewName="Sally R." />
          <Payload payloadId="Astronaut" />
          <CameraVantage nightVisionColor="#80FF8080" />
          <FuelTank />
        </Part>
      </Parts>
      <Connections />
      <Collisions />
      <Bodies />
    </Assembly>
  </DesignerPart>
</DesignerParts>
