﻿<?xml version="1.0" encoding="utf-8"?>
<DesignerParts>
  <DesignerPart name="Docking Target" category="Payloads" description="An ordinary docking port, used to designate the target vehicle for rendevous and docking contracts." order="0" showInDesigner="true">
    <Assembly xmlVersion="15">
      <Parts>
        <Part id="1" partType="DockingPort1" position="0,0,0" rotation="-1.024528E-05,5.008957E-06,-4.478356E-13" name="Target Docking Port" materials="0,1,2,3,4">
          <Drag drag="0,0,0,0,0,0" area="0,0,0,0,0,0" />
          <Config heatShieldScale="0" massScale="0.2" />
          <DockingPort scale="-1" version="2" />
          <CameraVantage />
          <CrossFeed />
          <Payload payloadId="Docking-Target" />
        </Part>
      </Parts>
      <Connections />
      <Collisions />
      <Bodies />
    </Assembly>
  </DesignerPart>
</DesignerParts>
