﻿<?xml version="1.0" encoding="utf-8"?>
<DesignerParts>
  <DesignerPart name="Early Space Telescope" category="Payloads" description="A primative camera on a timer.  Film must be returned physically to develop the images." order="0" showInDesigner="true">
    <Assembly xmlVersion="15">
      <Parts>
        <Part id="6" partType="Fuselage1" position="0,0,0" rotation="0,0,0" name="Early Space Telescope" materials="19,4,4,0,0" texture="Fuselage10">
          <Drag drag="0,0,0,0,0,0" area="0,0,0,0,0,0" />
          <Config centerOfMass="9.700932E-09,3.88741E-09,1.287641E-08" heatShieldScale="0" partPropertiesEnabled="false" />
          <Fuselage autoResize="false" bottomScale="0.50,0.50" cornerRadiuses="0,0,0,0,0,0,0,0" deadWeight="113.4" deadWeightPercentage="0.01" deformations="0,0,0" depthCurve="0" offset="0,0.2499998,0" shellDensityOverride="-1" toolAutoAdaptBottom="false" toolAutoAdaptTop="false" toolResizeBottom="false" toolResizeHeight="false" toolResizeRadius="false" toolResizeTop="false" toolShapeBottom="false" toolShapeTop="false" toolSupportsAddSection="false" topScale="0.50,0.50" volume="1" volumeInner="0.9" inspectorEnabled="false" partPropertiesEnabled="false" version="3" />
          <FuelTank autoFuelType="false" capacity="64.62493896484375" fuel="64.62493896484375" fuelType="None" inspectorEnabled="false" partPropertiesEnabled="false" />
		  <Payload payloadId="Payload-Telescope-1" />
        </Part>
      </Parts>
      <Connections />
      <Collisions />
      <Bodies />
    </Assembly>
  </DesignerPart>
</DesignerParts>
